{
    "accuracy": 0.9536784741144414,
    "precision": 0.9069767441860465,
    "recall": 0.75,
    "auc": 0.9308845475512143
}
